{"cameraMode":{"drawMode":0,"name":"Shaded","section":"Shading Mode"},"sceneLighting":true,"audioPlay":false,"sceneViewState":{"m_AlwaysRefresh":false,"showFog":true,"showSkybox":true,"showFlares":true,"showImageEffects":true,"showParticleSystems":true,"showVisualEffectGraphs":true,"m_FxEnabled":true},"in2DMode":false,"pivot":{"x":-0.08613234758377075,"y":0.08280421048402786,"z":-0.017276883125305177},"rotation":{"x":0.262114942073822,"y":0.06363637745380402,"z":-0.01729177124798298,"w":0.9627588391304016},"size":0.07679947465658188,"orthographic":false}