{"cameraMode":{"drawMode":0,"name":"Shaded","section":"Shading Mode"},"sceneLighting":true,"audioPlay":false,"sceneViewState":{"m_AlwaysRefresh":false,"showFog":true,"showSkybox":true,"showFlares":true,"showImageEffects":true,"showParticleSystems":true,"showVisualEffectGraphs":true,"m_FxEnabled":true},"in2DMode":false,"pivot":{"x":0.20825278759002686,"y":0.05326247215270996,"z":-0.04258337244391441},"rotation":{"x":0.2043541520833969,"y":-0.002936805598437786,"z":0.0006456863484345377,"w":0.9788715243339539},"size":0.12630537152290345,"orthographic":false}